City_ID,City,Country,Lat,Lng,Max Temp,Humidity,Cloudiness,Wind Speed,Current Description
0,San Jose,US,37.3394,-121.895,50.47,64,0,8.05,clear sky
1,Saint Austell,GB,50.3383,-4.7658,47.01,87,99,9.22,overcast clouds
2,Provideniya,RU,64.3833,-173.3,32.36,100,100,7.0,snow
3,Barrow,US,71.2906,-156.7887,10.42,79,100,14.97,light snow
4,Altamira,BR,-3.2033,-52.2064,71.58,98,96,0.74,moderate rain
5,Beringovskiy,RU,63.05,179.3167,30.47,99,100,2.39,snow
6,Arraial Do Cabo,BR,-22.9661,-42.0278,73.09,90,80,21.45,broken clouds
7,Esperance,AU,-33.8667,121.9,78.12,38,100,13.2,light rain
8,Naron,ES,43.5167,-8.1528,54.45,83,100,8.21,overcast clouds
9,Saldanha,ZA,-33.0117,17.9442,62.65,95,42,5.06,scattered clouds
10,Hithadhoo,MV,-0.6,73.0833,81.36,74,98,5.57,overcast clouds
11,Pevek,RU,69.7008,170.3133,7.18,95,100,11.97,light snow
12,Nikolskoye,RU,59.7035,30.7861,26.49,92,100,4.32,overcast clouds
13,Half Moon Bay,US,37.4636,-122.4286,51.31,71,20,11.5,few clouds
14,Castro,BR,-24.7911,-50.0119,58.62,97,95,4.47,overcast clouds
15,Mariinsk,RU,56.2139,87.7472,-7.37,84,85,3.53,overcast clouds
16,Albany,US,42.6001,-73.9662,32.27,78,100,5.03,overcast clouds
17,Victoria,HK,22.2855,114.1577,76.96,85,51,18.99,broken clouds
18,Ushuaia,AR,-54.8,-68.3,46.06,66,75,11.5,broken clouds
19,Fakel,RU,57.6325,53.0252,6.49,97,81,3.47,broken clouds
20,Ketchikan,US,55.3422,-131.6461,23.47,36,20,11.5,few clouds
21,Port Alfred,ZA,-33.5906,26.891,71.35,80,3,3.51,clear sky
22,Sumbe,AO,-11.2061,13.8437,76.69,86,100,6.62,overcast clouds
23,East London,ZA,-33.0153,27.9116,65.34,94,0,2.3,clear sky
24,Jamestown,US,42.097,-79.2353,46.71,80,0,16.11,clear sky
25,Inirida,CO,3.8653,-67.9239,72.57,97,100,3.24,overcast clouds
26,Saint-Philippe,RE,-21.3585,55.7679,78.39,77,40,7.2,scattered clouds
27,Santa Vitoria Do Palmar,BR,-33.5189,-53.3681,66.42,95,5,8.68,clear sky
28,Komsomolskiy,UZ,40.4272,71.7189,41.72,87,89,0.0,mist
29,Juquia,BR,-24.3208,-47.6347,68.41,99,100,1.36,overcast clouds
30,Lebu,CL,-37.6167,-73.65,53.85,82,88,18.79,overcast clouds
31,Butaritari,KI,3.0707,172.7902,81.21,75,16,9.93,few clouds
32,Blankenberge,BE,51.3131,3.1323,44.94,91,72,3.4,broken clouds
33,Chingirlau,KZ,51.095,54.0814,16.66,42,26,6.15,scattered clouds
34,Mayo,US,38.8876,-76.5119,47.1,83,0,12.66,clear sky
35,Magadan,RU,59.5667,150.8,24.53,83,100,48.34,light snow
36,Puerto Escondido,MX,15.85,-97.0667,78.49,77,68,2.75,light rain
37,Vaini,TO,-21.2,-175.2,84.36,70,20,12.66,few clouds
38,Winkler,CA,49.1817,-97.941,17.6,73,96,14.97,overcast clouds
39,Kapaa,US,22.0752,-159.319,80.92,80,0,5.75,clear sky
40,Tateyama,JP,34.9833,139.8667,71.1,75,83,7.09,broken clouds
41,Avarua,CK,-21.2078,-159.775,78.85,78,75,16.11,broken clouds
42,Mount Isa,AU,-20.7333,139.5,94.77,14,0,17.27,clear sky
43,Georgetown,MY,5.4112,100.3354,85.98,77,20,5.75,few clouds
44,Vila,PT,42.0304,-8.1588,40.08,94,99,4.29,overcast clouds
45,Mar Del Plata,AR,-38.0023,-57.5575,67.08,98,100,2.3,moderate rain
46,Esso,RU,55.9333,158.7,14.92,96,100,10.25,overcast clouds
47,Amapa,BR,1.0,-52.0,70.57,98,41,1.48,scattered clouds
48,Hobart,AU,-42.8794,147.3294,66.06,48,75,6.91,broken clouds
49,Aksarka,RU,66.5606,67.7975,-2.76,99,92,3.18,overcast clouds
50,Mandalgovi,MN,45.7625,106.2708,1.72,38,1,8.34,clear sky
51,Rikitea,PF,-23.1203,-134.9692,72.18,72,82,13.2,broken clouds
52,Bluff,NZ,-46.6,168.3333,53.04,77,59,19.69,broken clouds
53,Busselton,AU,-33.65,115.3333,82.9,43,0,15.26,clear sky
54,Kavieng,PG,-2.5744,150.7967,85.01,61,100,6.08,overcast clouds
55,Baiyin,CN,36.5583,104.2081,15.91,27,100,1.59,overcast clouds
56,Yumen,CN,40.2833,97.2,7.61,66,94,4.32,overcast clouds
57,Isangel,VU,-19.55,169.2667,80.71,94,75,3.44,broken clouds
58,Cam Ranh,VN,11.9214,109.1591,87.76,62,20,11.5,few clouds
59,Yerbogachen,RU,61.2767,108.0108,-0.27,96,100,11.65,light snow
60,Sao Filipe,CV,14.8961,-24.4956,73.96,65,16,8.84,few clouds
61,Dikson,RU,73.5069,80.5464,4.89,98,98,4.05,overcast clouds
62,Hilo,US,19.7297,-155.09,80.28,89,100,6.91,overcast clouds
63,New Norfolk,AU,-42.7826,147.0587,65.7,58,100,5.99,overcast clouds
64,Hami,CN,42.8,93.45,12.65,19,0,1.34,clear sky
65,Broome,US,42.2506,-75.833,37.62,77,40,11.5,scattered clouds
66,Goure,NE,13.9835,10.2704,58.89,33,46,7.38,scattered clouds
67,Rorvik,NO,64.8621,11.2373,35.71,80,100,10.36,overcast clouds
68,Bela,IN,25.9333,81.9833,71.44,44,99,1.12,overcast clouds
69,Katsuura,JP,35.1333,140.3,68.45,78,90,7.9,overcast clouds
70,Naguabo,PR,18.2116,-65.7349,78.6,89,100,4.61,overcast clouds
71,Souillac,MU,-20.5167,57.5167,75.58,83,40,6.91,scattered clouds
72,Kautokeino,NO,69.0125,23.0412,27.54,93,100,13.35,overcast clouds
73,Mega,ET,4.05,38.3,57.74,73,84,7.74,broken clouds
74,Carnarvon,AU,-24.8667,113.6333,77.67,63,0,13.58,clear sky
75,Qaanaaq,GL,77.484,-69.3632,-18.09,81,19,6.51,few clouds
76,Kahului,US,20.8947,-156.47,78.96,84,40,5.75,scattered clouds
77,Narsaq,GL,60.9167,-46.05,28.62,86,100,5.17,overcast clouds
78,Mataura,NZ,-46.1927,168.8643,55.17,84,90,9.89,overcast clouds
79,Grand Gaube,MU,-20.0064,57.6608,79.38,66,100,3.0,overcast clouds
80,Sestri Levante,IT,44.2732,9.3968,46.31,70,71,8.5,broken clouds
81,Bako,ET,5.7833,36.5667,64.27,67,88,3.49,overcast clouds
82,Itupiranga,BR,-5.1347,-49.3267,73.72,99,100,4.09,overcast clouds
83,Muros,ES,42.7762,-9.0603,54.09,87,100,18.37,light rain
84,Canico,PT,32.6333,-16.85,62.71,78,40,4.61,scattered clouds
85,Tuktoyaktuk,CA,69.4541,-133.0374,-4.0,77,75,8.05,broken clouds
86,Punta Arenas,CL,-53.15,-70.9167,46.11,61,100,24.96,overcast clouds
87,Los Llanos De Aridane,ES,28.6585,-17.9182,64.15,78,100,11.5,overcast clouds
88,Bathsheba,BB,13.2167,-59.5167,79.41,78,40,16.11,scattered clouds
89,Vardo,NO,70.3705,31.1107,31.98,86,81,23.02,broken clouds
90,Thompson,CA,55.7435,-97.8558,-2.04,78,100,16.11,light snow
91,Aripuana,BR,-9.1667,-60.6333,73.87,80,98,3.11,overcast clouds
92,Falam,MM,22.9167,93.6833,69.44,69,46,2.68,scattered clouds
93,Hermanus,ZA,-34.4187,19.2345,63.81,85,12,7.36,few clouds
94,Chulakivka,UA,46.3576,32.3514,37.26,64,94,16.11,overcast clouds
95,Port Keats,AU,-14.25,129.55,95.86,37,58,4.7,broken clouds
96,Yokosuka,JP,35.2836,139.6672,71.04,64,98,1.99,overcast clouds
97,Leningradskiy,RU,69.3833,178.4167,21.36,82,100,6.51,overcast clouds
98,Juneau,US,58.3019,-134.4197,19.4,100,40,8.05,scattered clouds
99,Saint-Augustin,CA,51.226,-58.6502,9.07,81,8,12.59,clear sky
100,Camopi,GF,3.1655,-52.3158,71.73,100,100,2.01,light rain
101,Havre-Saint-Pierre,CA,50.2334,-63.5986,12.2,84,0,0.0,clear sky
102,Ponazyrevo,RU,58.3578,46.3142,4.14,97,45,2.39,scattered clouds
103,Lorengau,PG,-2.0226,147.2712,84.92,69,83,9.48,broken clouds
104,Longyearbyen,SJ,78.2186,15.6401,33.64,80,75,17.27,broken clouds
105,Oriximina,BR,-1.7656,-55.8661,75.13,89,90,2.84,overcast clouds
106,Kodiak,US,57.79,-152.4072,26.11,54,0,8.05,clear sky
107,Faanui,PF,-16.4833,-151.75,79.68,76,22,11.5,few clouds
108,Bowen,AU,-20.0167,148.2333,80.15,77,100,7.25,overcast clouds
109,Kodinsk,RU,58.6881,99.1844,-7.24,95,100,6.29,overcast clouds
110,Trofors,NO,65.5333,13.4063,24.67,91,27,4.54,scattered clouds
111,Batagay,RU,67.6333,134.6333,-25.35,97,100,2.1,overcast clouds
112,Hervey Bay,AU,-25.2986,152.8535,69.22,89,100,27.72,light rain
113,Tuatapere,NZ,-46.1333,167.6833,49.21,83,95,15.68,overcast clouds
114,Saint-Joseph,RE,-21.3667,55.6167,79.47,75,19,3.42,few clouds
115,San Quintin,MX,30.4833,-115.95,57.52,74,0,7.25,clear sky
116,Marawi,PH,7.9986,124.2928,78.17,75,96,6.91,overcast clouds
117,Avera,US,33.194,-82.5271,63.37,69,63,10.31,broken clouds
118,Thyboron,DK,56.6985,8.2124,39.15,93,98,12.1,overcast clouds
119,Ponta Do Sol,PT,32.6667,-17.1,63.23,72,18,3.4,few clouds
120,Shahrud,IR,36.4182,54.9763,44.13,55,100,4.65,overcast clouds
121,Port Blair,IN,11.6667,92.75,86.04,70,40,8.05,scattered clouds
122,Aklavik,CA,68.2191,-135.0107,-11.36,85,100,3.62,overcast clouds
123,Airai,TL,-8.9266,125.4092,75.38,52,72,3.83,broken clouds
124,Coihaique,CL,-45.5752,-72.0662,48.15,57,75,4.61,broken clouds
125,Lazaro Cardenas,MX,17.9583,-102.2,75.76,80,11,2.37,few clouds
126,Nanortalik,GL,60.1432,-45.2371,31.68,83,100,8.68,overcast clouds
127,Anadyr,RU,64.75,177.4833,34.3,86,40,8.95,scattered clouds
128,Palmer,US,42.1584,-72.3287,32.86,72,99,2.59,overcast clouds
129,Farap,TM,39.1704,63.6116,35.6,100,77,4.61,mist
130,Severo-Kurilsk,RU,50.6789,156.125,37.74,98,100,8.75,light rain
131,Naze,JP,28.3667,129.4833,63.52,85,98,23.82,overcast clouds
132,Barabai,ID,-2.5833,115.3833,88.03,66,34,3.78,scattered clouds
133,Laguna,US,38.421,-121.4238,49.08,62,0,0.0,clear sky
134,Ixtapa,MX,20.7,-105.2,72.23,79,33,2.46,scattered clouds
135,Aitape,PG,-3.1374,142.3475,85.12,68,100,6.8,overcast clouds
136,Ofunato,JP,39.0717,141.7167,54.73,65,93,8.9,overcast clouds
137,Touros,BR,-5.1989,-35.4608,77.25,73,83,7.78,broken clouds
138,Atuona,PF,-9.8,-139.0333,77.81,72,13,14.58,few clouds
139,Talnakh,RU,69.4865,88.3972,-10.21,99,100,2.71,overcast clouds
140,Cape Town,ZA,-33.9258,18.4232,65.26,84,75,8.05,broken clouds
141,Sitka,US,57.0531,-135.33,24.69,33,0,23.02,clear sky
142,Pisco,PE,-13.7,-76.2167,66.25,88,0,4.61,clear sky
143,Axim,GH,4.8699,-2.2405,77.0,86,78,2.57,broken clouds
144,Khatanga,RU,71.9667,102.5,-25.55,96,6,4.38,clear sky
145,Sao Joao Da Barra,BR,-21.6403,-41.0511,73.24,91,100,15.46,overcast clouds
146,Baisha,CN,26.5222,110.9311,37.35,89,100,5.73,overcast clouds
147,Christchurch,NZ,-43.5333,172.6333,66.4,68,20,18.41,few clouds
148,Sigli,ID,5.3848,95.9609,83.71,67,100,2.82,overcast clouds
149,Torbay,CA,47.6666,-52.7314,27.39,75,75,12.66,broken clouds
150,Namibe,AO,-15.1961,12.1522,68.94,83,100,5.26,overcast clouds
151,Vila Franca Do Campo,PT,37.7167,-25.4333,63.19,85,97,4.16,overcast clouds
152,Vao,NC,-22.6667,167.4833,79.27,80,91,3.0,light rain
153,Kaitangata,NZ,-46.2817,169.8464,59.02,66,97,13.53,overcast clouds
154,Puerto Ayora,EC,-0.7393,-90.3518,70.56,89,46,10.0,scattered clouds
155,Vanavara,RU,60.34,102.2797,-9.9,95,98,8.37,overcast clouds
156,Roma,US,43.2128,-75.4557,35.82,79,0,9.22,clear sky
157,Mount Gambier,AU,-37.8333,140.7667,61.43,60,94,7.7,overcast clouds
158,Rawson,AR,-43.3002,-65.1023,54.37,69,53,10.78,broken clouds
159,Seguela,CI,7.9611,-6.6731,72.39,74,67,3.53,broken clouds
160,Myitkyina,MM,25.3833,97.4,77.4,35,0,2.89,clear sky
161,Wageningen,NL,51.9667,5.6667,45.05,98,100,3.44,mist
162,Iqaluit,CA,63.7506,-68.5145,-16.87,69,20,9.22,few clouds
163,Yellowknife,CA,62.456,-114.3525,-28.68,75,40,5.75,light snow
164,Paamiut,GL,61.994,-49.6678,26.89,80,100,16.73,overcast clouds
165,Mandera,KE,3.9366,41.867,76.41,73,75,8.12,broken clouds
166,Havoysund,NO,70.9963,24.6622,37.63,89,100,14.23,overcast clouds
167,Bereda,ES,43.2686,-7.5406,44.42,100,92,2.24,overcast clouds
168,Sola,VU,-13.8833,167.55,86.67,70,75,0.0,broken clouds
169,Arman,RU,59.7,150.1667,25.02,80,100,36.15,snow
170,Ilulissat,GL,69.2167,-51.1,24.82,80,75,6.91,broken clouds
171,Esmeraldas,BR,-19.7625,-44.3139,71.91,97,65,2.55,moderate rain
172,Saskylakh,RU,71.9167,114.0833,-23.93,99,100,6.78,overcast clouds
173,Seoul,KR,37.5683,126.9778,27.79,36,0,11.5,clear sky
174,Kobe,JP,34.6913,135.183,62.37,67,75,11.5,broken clouds
175,Capelinha,BR,-17.6914,-42.5158,62.6,96,99,2.06,light rain
176,Itarema,BR,-2.9248,-39.9167,76.12,84,100,3.27,overcast clouds
177,Port Elizabeth,ZA,-33.918,25.5701,69.31,81,0,9.22,clear sky
178,Klaksvik,FO,62.2266,-6.589,45.52,87,100,17.0,overcast clouds
179,Nome,US,64.5011,-165.4064,19.47,79,100,11.5,overcast clouds
180,Saint-Pierre,RE,-21.3393,55.4781,80.91,57,0,5.75,clear sky
181,Westport,US,41.1415,-73.3579,37.2,74,20,3.44,few clouds
182,Vostok,RU,46.4856,135.8833,-2.07,88,100,14.03,overcast clouds
183,Pinawa,CA,50.1489,-95.8811,19.74,95,98,6.62,light snow
184,Sharjah,AE,25.3573,55.4033,75.18,77,0,4.61,clear sky
185,Ahipara,NZ,-35.1667,173.1667,63.18,86,40,13.4,scattered clouds
186,Gorin,RU,51.1983,136.6669,6.39,84,100,8.23,overcast clouds
187,Eureka,US,40.8021,-124.1637,43.41,90,87,1.01,overcast clouds
188,Tigre,AR,-34.426,-58.5796,80.74,65,0,8.05,clear sky
189,Awjilah,LY,29.1081,21.2869,57.29,56,0,9.26,clear sky
190,Oranjemund,NA,-28.55,16.4333,59.56,88,61,4.68,broken clouds
191,Mahajanga,MG,-15.7167,46.3167,80.62,78,20,4.61,few clouds
192,Bethel,US,41.3712,-73.414,34.63,88,0,0.0,clear sky
193,Tual,ID,-5.6667,132.75,80.58,83,100,18.97,moderate rain
194,Great Yarmouth,GB,52.6083,1.7305,42.03,78,78,5.1,broken clouds
195,Cockburn Town,TC,21.4612,-71.1419,81.21,73,18,22.86,light rain
196,Segou,ML,13.4317,-6.2157,72.68,19,58,8.5,broken clouds
197,Fort Dodge,US,42.4975,-94.168,21.2,68,0,12.66,clear sky
198,Aktas,KZ,49.7789,72.9608,1.15,70,100,8.32,overcast clouds
199,Zhezkazgan,KZ,47.8043,67.7144,13.98,92,100,8.95,light snow
200,Narasannapeta,IN,18.4167,84.05,79.21,50,0,5.68,clear sky
201,Saint George,US,37.1041,-113.5841,39.79,33,0,3.44,clear sky
202,Gogrial,SS,8.5332,28.1004,78.44,44,63,2.98,broken clouds
203,San Carlos De Bariloche,AR,-41.1456,-71.3082,46.15,57,40,10.36,scattered clouds
204,College,US,64.8569,-147.8028,-9.42,78,40,0.0,scattered clouds
205,Codrington,AU,-38.2667,141.9667,61.0,67,93,11.14,overcast clouds
206,Ust-Kulom,RU,61.6864,53.6902,14.11,98,99,1.57,overcast clouds
207,Salaga,GH,8.5508,-0.5188,76.78,60,15,3.36,few clouds
208,Lagoa,PT,39.05,-27.9833,61.99,69,100,6.8,overcast clouds
209,Herzberg,DE,51.6869,13.2202,39.33,81,75,4.61,broken clouds
210,Norman Wells,CA,65.282,-126.8329,-29.16,75,75,2.3,broken clouds
211,Luga,RU,58.7372,29.8453,22.78,97,100,4.83,overcast clouds
212,Dingle,PH,10.9995,122.6711,84.52,73,78,15.05,broken clouds
213,Kurashiki,JP,34.5833,133.7667,61.0,63,100,14.05,light rain
214,Marsh Harbour,BS,26.5412,-77.0636,77.14,70,55,17.29,broken clouds
215,Beyneu,KZ,45.3167,55.2,23.79,48,1,8.75,clear sky
216,Khandyga,RU,62.6667,135.6,-32.89,97,100,0.83,overcast clouds
217,Safaga,EG,26.7292,33.9365,68.92,47,7,3.91,clear sky
218,Singaraja,ID,-8.112,115.0882,86.88,62,83,3.49,broken clouds
219,Waverly,US,42.7392,-84.6208,53.53,80,100,14.97,overcast clouds
220,Nemuro,JP,43.3236,145.575,35.2,92,100,14.0,light snow
221,Mersin,TR,36.862,34.6509,60.62,56,89,3.51,overcast clouds
222,Porto Seguro,BR,-16.4497,-39.0647,75.72,100,0,3.44,clear sky
223,Porto Velho,BR,-8.7619,-63.9039,78.85,89,0,3.44,clear sky
224,Saint-Denis,FR,48.9167,2.3333,44.38,93,100,8.05,mist
225,Basco,PH,20.4487,121.9702,80.96,79,89,19.26,overcast clouds
226,Lufilufi,WS,-13.8745,-171.5986,82.18,76,100,9.31,overcast clouds
227,Bubaque,GW,11.2833,-15.8333,80.04,64,86,7.14,overcast clouds
228,Jiayuguan,CN,39.8167,98.3,10.92,74,100,1.9,overcast clouds
229,Santa Isabel,BR,-23.3156,-46.2214,67.3,99,100,0.49,overcast clouds
230,Kazachinskoye,RU,57.6953,93.2761,-9.38,93,81,5.95,broken clouds
231,Doembang Nangbuat,TH,14.8333,100.1,85.01,74,100,1.05,overcast clouds
232,Ust-Omchug,RU,61.15,149.6333,-13.7,99,100,10.65,snow
233,Camana,PE,-16.6228,-72.7111,66.87,86,74,6.22,broken clouds
234,Thinadhoo,MV,0.5333,72.9333,80.89,72,100,6.31,overcast clouds
235,Praia Da Vitoria,PT,38.7333,-27.0667,61.05,94,75,8.37,broken clouds
236,Murray,US,40.6669,-111.888,26.8,66,0,9.22,clear sky
237,Goderich,CA,43.7501,-81.7165,48.52,71,100,20.71,overcast clouds
238,Moose Factory,CA,51.2585,-80.6094,26.6,93,100,13.8,snow
239,Gat,IL,31.61,34.7642,62.4,100,3,6.64,clear sky
240,Port Shepstone,ZA,-30.7414,30.455,67.62,79,0,20.11,clear sky
241,Pital,CO,2.2665,-75.8044,66.2,94,74,1.79,moderate rain
242,Srednekolymsk,RU,67.45,153.6833,-26.68,99,70,6.8,broken clouds
243,Moissac,FR,44.1024,1.0945,42.48,90,32,3.44,scattered clouds
244,Salalah,OM,17.0151,54.0924,73.49,73,20,4.61,few clouds
245,Vila Velha,BR,-20.3297,-40.2925,73.35,100,75,10.36,broken clouds
246,Shieli,KZ,44.1667,66.75,35.13,50,100,7.87,overcast clouds
247,Cherskiy,RU,68.75,161.3,-17.09,98,99,4.63,overcast clouds
248,Boueni,YT,-12.9025,45.0761,76.98,72,3,8.25,clear sky
249,Rodos,GR,36.4408,28.2225,61.79,90,20,1.01,few clouds
250,Nouadhibou,MR,20.931,-17.0347,67.82,48,0,12.95,clear sky
251,Bredasdorp,ZA,-34.5322,20.0403,63.37,80,6,4.97,clear sky
252,Bulgan,MN,48.8125,103.5347,-2.61,65,94,1.83,overcast clouds
253,Saint-Louis,SN,16.3333,-15.0,71.24,17,4,8.97,clear sky
254,Raga,SS,8.4596,25.678,75.85,43,92,0.58,overcast clouds
255,Kurumkan,RU,54.3,110.3,-10.66,77,21,1.61,few clouds
256,Sotnikovskoye,RU,45.0039,43.7772,30.47,78,100,16.67,overcast clouds
257,Krasnyy Chikoy,RU,50.3643,108.7512,1.83,85,100,14.45,overcast clouds
258,Maningrida,AU,-12.0667,134.2667,88.83,55,98,8.16,overcast clouds
259,Dalen,NL,52.6992,6.7556,44.06,89,100,5.99,overcast clouds
260,Alice Springs,AU,-23.7,133.8833,81.95,21,0,10.36,clear sky
261,Port-Gentil,GA,-0.7193,8.7815,75.96,90,100,13.09,light rain
262,Hasaki,JP,35.7333,140.8333,66.6,77,100,12.75,light rain
263,Upington,ZA,-28.4478,21.2561,75.58,57,20,21.85,few clouds
264,Kuandian,CN,40.7286,124.7847,12.13,24,0,11.01,clear sky
265,Upernavik,GL,72.7868,-56.1549,5.38,95,100,14.92,light snow
266,Neosho,US,36.869,-94.368,35.31,74,9,4.0,clear sky
267,Naples,IT,40.8333,14.25,54.14,72,40,14.97,scattered clouds
268,Parczew,PL,51.6402,22.9006,34.41,89,100,6.67,overcast clouds
269,Kattivakkam,IN,13.2167,80.3167,80.69,71,22,10.76,few clouds
270,Oni,GE,42.5794,43.4425,43.03,74,99,5.75,overcast clouds
271,Caravelas,BR,-17.7125,-39.2481,75.11,84,100,9.8,moderate rain
272,Beidao,CN,34.5686,105.8933,27.32,28,98,4.18,overcast clouds
273,Grindavik,IS,63.8424,-22.4338,48.67,93,75,34.52,broken clouds
274,Baoqing,CN,46.3317,132.2111,1.33,61,42,19.44,scattered clouds
275,Lasa,IT,46.6166,10.7002,40.08,94,59,4.61,broken clouds
276,Sambava,MG,-14.2667,50.1667,75.22,75,1,4.34,clear sky
277,Svetlaya,RU,46.5389,138.3297,12.15,55,5,13.31,clear sky
278,Xuanhua,CN,40.6103,115.0447,16.39,18,0,20.6,clear sky
279,Ekhabi,RU,53.5102,142.9671,13.89,91,100,28.92,light snow
280,Rio Grande,BR,-32.035,-52.0986,69.46,91,9,15.19,clear sky
281,Roseburg,US,43.2165,-123.3417,44.71,77,100,0.0,overcast clouds
282,Itaquyry,PY,-24.9333,-55.2167,69.57,74,31,3.33,scattered clouds
283,Port Lincoln,AU,-34.7333,135.8667,63.68,59,25,10.33,scattered clouds
284,Constitucion,CL,-35.3333,-72.4167,54.36,95,44,10.51,scattered clouds
285,Ribeira Grande,PT,38.5167,-28.7,60.78,92,69,4.0,broken clouds
286,Monroe,US,43.1501,-77.6831,41.45,78,0,10.36,clear sky
287,Imola,IT,44.3523,11.7158,42.22,84,98,7.67,overcast clouds
288,Fortuna,US,40.5982,-124.1573,43.14,92,0,4.61,clear sky
289,Chuy,UY,-33.6971,-53.4616,65.95,95,1,9.15,clear sky
290,Elat,IL,29.5581,34.9482,58.84,77,0,0.0,clear sky
291,Tasiilaq,GL,65.6145,-37.6368,39.36,94,100,37.92,light rain
292,Miri,MY,4.4148,114.0089,86.14,66,40,4.61,scattered clouds
293,Kondinskoye,RU,59.6481,67.41,-4.49,95,91,4.83,overcast clouds
294,Alofi,NU,-19.0595,-169.9187,82.29,69,75,12.66,broken clouds
295,Madimba,TZ,-10.4,40.3333,72.72,94,20,9.22,few clouds
296,Hobyo,SO,5.3505,48.5268,81.03,65,90,18.19,overcast clouds
297,Marathon,US,44.9,-89.7668,29.73,87,100,19.57,overcast clouds
298,Adrar,MR,20.5022,-10.0711,60.84,21,0,9.06,clear sky
299,Guerrero Negro,MX,27.9769,-114.0611,59.63,74,49,9.6,scattered clouds
300,Fort Wellington,GY,6.4,-57.6,76.06,89,100,7.61,overcast clouds
301,Harper,LR,4.375,-7.7169,76.3,88,74,2.46,light rain
302,Antofagasta,CL,-23.65,-70.4,63.68,79,36,2.17,scattered clouds
303,La Rioja,ES,42.25,-2.5,37.18,83,100,3.27,overcast clouds
304,New Baltimore,US,42.6811,-82.7369,51.94,85,100,13.8,overcast clouds
305,Cayenne,GF,4.9333,-52.3333,73.44,94,100,3.44,overcast clouds
306,Ukiah,US,39.1502,-123.2078,45.05,70,0,1.01,clear sky
307,Dalbandin,PK,28.8947,64.4101,58.41,34,1,6.46,clear sky
308,Apud,PH,13.1393,123.2916,88.09,58,94,6.22,overcast clouds
309,Geraldton,AU,-28.7667,114.6,77.41,65,75,11.5,broken clouds
310,Bambous Virieux,MU,-20.3428,57.7575,79.21,83,40,6.91,scattered clouds
311,Bara,NG,10.3744,10.7288,63.43,28,62,5.37,broken clouds
312,Fairbanks,US,64.8378,-147.7164,-9.4,78,0,0.0,clear sky
313,Jacareacanga,BR,-6.2222,-57.7528,71.89,98,76,1.79,broken clouds
314,Pringsewu,ID,-5.3582,104.9744,87.85,52,77,6.24,broken clouds
315,Atar,MR,20.5169,-13.0499,64.89,21,0,7.52,clear sky
316,Mahebourg,MU,-20.4081,57.7,79.25,83,40,6.91,scattered clouds
317,Ayan,RU,56.45,138.1667,-8.3,92,100,28.07,overcast clouds
318,Muroto,JP,33.2833,134.15,65.19,67,99,16.15,overcast clouds
319,Parker,US,32.7668,-97.8003,47.84,64,0,13.0,clear sky
320,Itoman,JP,26.1247,127.6694,71.98,83,75,26.46,broken clouds
321,Lompoc,US,34.6391,-120.4579,49.78,89,0,3.44,clear sky
322,Nawa,IN,27.0167,75.0,67.66,20,11,3.67,few clouds
323,Mariakani,KE,-3.8633,39.4736,75.29,89,89,0.47,overcast clouds
324,Gualaquiza,EC,-3.4,-78.55,62.44,86,60,1.95,broken clouds
325,Beloha,MG,-25.1667,45.05,73.89,76,100,6.98,overcast clouds
326,Huejuquilla El Alto,MX,22.6,-103.8667,54.66,62,10,0.47,clear sky
327,Kaifeng,CN,34.7911,114.3483,28.29,19,98,3.96,overcast clouds
328,Bud,US,39.447,-86.1758,60.82,83,94,14.61,overcast clouds
329,Necochea,AR,-38.5473,-58.7368,61.59,95,87,12.28,overcast clouds
330,Teonthar,IN,24.9833,81.65,70.7,42,38,0.6,scattered clouds
331,Pacific Grove,US,36.6177,-121.9166,49.68,81,0,3.44,clear sky
332,Iquitos,PE,-3.7481,-73.2472,75.24,94,0,2.3,clear sky
333,Hirara,JP,24.8,125.2833,73.26,88,75,29.93,broken clouds
334,San Patricio,US,28.017,-97.5169,71.83,92,1,3.85,clear sky
335,Jerome,US,42.7241,-114.5186,24.44,78,100,4.61,overcast clouds
336,Koslan,RU,63.4564,48.8989,23.18,97,100,5.26,overcast clouds
337,Faya,SA,18.3851,42.4509,50.11,64,1,1.19,clear sky
338,Amalapuram,IN,16.5833,82.0167,80.64,56,4,3.78,clear sky
339,Rivers,CA,50.0308,-100.2403,9.55,84,98,17.2,overcast clouds
340,Taoudenni,ML,22.6783,-3.9836,60.58,20,0,10.25,clear sky
341,Timra,SE,62.487,17.3257,34.68,93,100,2.3,light rain
342,Clyde River,CA,70.4692,-68.5914,-19.97,69,0,6.91,clear sky
343,Visnes,NO,59.3556,5.2242,45.21,65,100,6.91,overcast clouds
344,Abong Mbang,CM,3.9833,13.1833,67.44,94,100,2.44,light rain
345,Huron,US,41.1501,-82.5499,54.84,70,18,24.27,few clouds
346,San Vicente,AR,-26.6167,-54.1333,62.22,93,79,3.18,broken clouds
347,Katangli,RU,51.7102,143.2326,8.55,82,100,17.0,overcast clouds
348,Kruisfontein,ZA,-34.0033,24.7314,61.88,72,2,7.56,clear sky
349,Drayton Valley,CA,53.2168,-114.9854,3.65,95,100,5.46,overcast clouds
350,Mana,GF,5.6592,-53.7767,75.76,90,87,5.77,overcast clouds
351,Bend,US,44.0582,-121.3153,33.08,86,0,18.41,clear sky
352,Xiaoyi,CN,34.6178,109.703,28.72,14,100,2.3,light snow
353,Richards Bay,ZA,-28.783,32.0377,66.67,73,0,6.67,clear sky
354,Barranca,PE,-10.75,-77.7667,67.62,79,100,6.11,overcast clouds
355,Pitelino,RU,54.5777,41.8145,11.84,97,54,3.8,broken clouds
356,Ternate,ID,0.8,127.4,84.22,71,24,8.37,few clouds
357,Hamilton,US,39.1834,-84.5333,59.31,81,100,13.8,heavy intensity rain
358,Bandarbeyla,SO,9.4942,50.8122,77.5,70,7,15.35,clear sky
359,Inta,RU,66.0317,60.1659,6.4,99,96,1.97,overcast clouds
360,Nago,JP,26.5881,127.9761,72.03,85,99,19.37,overcast clouds
361,West Lafayette,US,40.4259,-86.9081,59.31,88,100,11.5,moderate rain
362,Ailigandi,PA,9.2333,-78.0167,76.78,87,100,3.02,moderate rain
363,Talabaan,PH,6.9411,122.1722,86.07,79,75,4.61,broken clouds
364,Alice Town,BS,25.7167,-79.3,78.44,76,76,19.08,broken clouds
365,Bonavista,CA,48.6499,-53.1147,25.16,75,97,23.73,overcast clouds
366,Santa Barbara,US,34.7333,-120.0343,48.99,83,100,4.61,overcast clouds
367,Ancud,CL,-41.8697,-73.8203,45.18,75,5,7.61,clear sky
368,Nicolas Bravo,MX,18.45,-88.9167,71.29,99,99,2.01,overcast clouds
369,Chumikan,RU,54.7183,135.315,-3.3,65,100,23.0,overcast clouds
370,Barber,CW,12.2833,-69.0667,80.58,74,20,11.5,few clouds
371,Ust-Maya,RU,60.4167,134.5333,-28.23,90,100,5.91,overcast clouds
372,Cabo San Lucas,MX,22.8909,-109.9124,70.11,77,0,8.05,clear sky
373,Banepa,NP,27.6298,85.5214,55.72,77,20,0.0,mist
374,Hof,DE,50.3167,11.9167,38.44,92,100,5.75,overcast clouds
375,Pemangkat,ID,1.1667,108.9667,84.4,71,99,4.23,overcast clouds
376,Verkhnevilyuysk,RU,63.4453,120.3167,-18.71,95,99,5.91,overcast clouds
377,Yamada,JP,39.4667,141.95,55.36,58,83,10.74,broken clouds
378,Jumla,NP,29.2747,82.1838,58.96,17,94,1.54,overcast clouds
379,Road Town,VG,18.4167,-64.6167,77.09,71,6,17.25,clear sky
380,Karad,IN,17.2833,74.2,74.91,42,90,4.59,overcast clouds
381,Athni,IN,16.7333,75.0667,74.88,32,93,7.54,overcast clouds
382,Jaca,ES,42.569,-0.5499,33.98,93,100,4.45,overcast clouds
383,Svetlogorsk,BY,52.6333,29.7333,26.35,95,100,5.97,light snow
384,Chokurdakh,RU,70.6333,147.9167,-9.09,99,100,6.89,light snow
385,Hofn,IS,64.2539,-15.2082,45.27,95,100,14.97,overcast clouds
386,Te Anau,NZ,-45.4167,167.7167,54.75,81,68,7.52,broken clouds
387,Freeport,US,40.6576,-73.5832,42.78,75,0,8.05,clear sky
388,Havelock,US,34.8791,-76.9013,58.98,88,20,5.75,few clouds
389,Dubbo,AU,-32.25,148.6167,80.73,39,40,9.22,scattered clouds
390,Yatou,CN,37.15,122.3833,31.21,59,96,16.28,light snow
391,Grootfontein,NA,-19.5667,18.1167,65.77,63,49,3.44,scattered clouds
392,Sobolevo,RU,54.4299,31.8996,19.83,89,100,8.43,overcast clouds
393,Ambilobe,MG,-13.2,49.05,79.43,67,21,2.19,few clouds
394,Grand-Lahou,CI,5.1367,-5.0242,77.63,86,92,4.32,overcast clouds
395,Cidreira,BR,-30.1811,-50.2056,70.38,91,52,16.11,broken clouds
396,Berlevag,NO,70.8578,29.0864,37.4,87,100,17.27,overcast clouds
397,Sumenep,ID,-7.0167,113.8667,84.34,69,100,3.2,moderate rain
398,Kieta,PG,-6.2167,155.6333,83.21,79,100,6.29,light rain
399,Ossora,RU,59.2353,163.0719,15.35,89,70,2.24,broken clouds
400,Assiniboia,CA,49.6334,-105.9845,8.42,78,100,17.27,overcast clouds
401,Kaeo,NZ,-35.1,173.7833,67.96,74,10,12.48,clear sky
402,Hargeysa,SO,9.56,44.065,58.39,65,1,10.47,clear sky
403,Lahij,YE,13.1667,44.5833,70.18,78,0,3.87,clear sky
404,Bengkulu,ID,-3.8004,102.2655,83.61,70,97,4.68,overcast clouds
405,Eirunepe,BR,-6.6603,-69.8736,72.99,91,100,3.4,overcast clouds
406,Vestmannaeyjar,IS,63.4427,-20.2734,47.97,90,100,31.92,overcast clouds
407,Viedma,AR,-40.8135,-62.9967,59.92,66,97,14.88,overcast clouds
408,Cap Malheureux,MU,-19.9842,57.6142,79.47,64,99,8.99,overcast clouds
409,Karratha,AU,-20.7377,116.8463,92.41,35,15,13.18,few clouds
410,Honningsvag,NO,70.9821,25.9704,37.15,81,100,12.66,overcast clouds
411,Polyarnyy,RU,69.1989,33.4478,24.69,89,60,12.84,broken clouds
412,Nhulunbuy,AU,-12.2333,136.7667,88.41,62,75,8.05,broken clouds
413,Abu Dhabi,AE,24.4667,54.3667,74.97,83,84,1.99,broken clouds
414,Wajir,KE,1.7471,40.0573,76.96,83,75,8.05,broken clouds
415,Pangnirtung,CA,66.1451,-65.7125,-17.7,98,99,3.09,overcast clouds
416,Kita,ML,13.0349,-9.4895,74.01,25,98,2.55,overcast clouds
417,Pochutla,MX,15.7432,-96.4661,75.81,88,91,2.89,overcast clouds
418,Manhattan,US,40.7834,-73.9662,41.63,69,75,4.61,broken clouds
419,Mombetsu,JP,44.3525,143.3525,37.42,60,40,14.97,scattered clouds
420,Cobija,BO,-11.0267,-68.7692,78.03,58,79,3.91,broken clouds
421,Rincon,US,32.296,-81.2354,62.85,85,20,4.61,few clouds
422,Opotiki,NZ,-38.0833,177.2833,60.39,93,98,8.97,light rain
423,Lensk,RU,60.7253,114.9278,-9.53,93,100,14.83,overcast clouds
424,Chaman,PK,30.9236,66.4512,55.04,34,5,2.26,clear sky
425,Khani,GE,41.9563,42.9566,49.57,70,100,6.64,overcast clouds
426,Padina,RS,45.1181,20.7272,42.66,81,100,8.48,light rain
427,Taldan,RU,53.6667,124.8,-7.92,75,96,10.92,overcast clouds
428,Kodino,RU,63.7198,39.6447,8.46,98,64,2.48,broken clouds
429,Sinnamary,GF,5.3833,-52.95,75.6,90,85,6.04,overcast clouds
430,Kedrovyy,RU,56.1667,91.8167,-1.14,88,28,4.63,scattered clouds
431,Obigarm,TJ,38.7173,69.7088,39.42,86,85,6.33,overcast clouds
432,Urdoma,RU,61.7533,48.5442,18.39,96,100,4.74,light snow
433,Hilton Head Island,US,32.2163,-80.7526,63.0,89,3,8.1,clear sky
434,Tiksi,RU,71.6872,128.8694,-26.36,100,94,2.89,overcast clouds
435,Mahibadhoo,MV,3.7833,72.9667,80.62,69,68,4.47,broken clouds
436,Mehamn,NO,71.0357,27.8492,37.35,93,100,5.75,overcast clouds
437,Ales,FR,44.1333,4.0833,40.28,79,16,5.14,few clouds
438,Yulara,AU,-25.2406,130.9889,85.75,14,0,8.9,clear sky
439,Shimoda,JP,34.6667,138.95,70.16,70,98,22.37,overcast clouds
440,Reconquista,AR,-29.15,-59.65,75.22,43,0,7.47,clear sky
441,Sept-Iles,CA,50.2001,-66.3821,15.8,68,0,5.75,clear sky
442,San Cristobal,VE,7.7669,-72.225,66.38,98,100,3.91,overcast clouds
443,Vanimo,PG,-2.6741,141.3028,83.82,72,100,5.84,overcast clouds
444,Martapura,ID,-3.4167,114.85,82.49,78,40,5.75,scattered clouds
445,Sur,OM,22.5667,59.5289,78.58,51,3,7.07,clear sky
446,Bilibino,RU,68.0546,166.4372,-2.74,100,99,3.31,overcast clouds
447,Abu Samrah,SY,35.3029,37.1841,52.12,94,100,10.74,overcast clouds
448,Vredefort,ZA,-27.0081,27.3646,61.97,62,0,3.85,clear sky
449,Boysun,UZ,38.2061,67.1986,45.32,65,49,2.44,scattered clouds
450,Henties Bay,NA,-22.116,14.2845,59.59,88,69,4.54,broken clouds
451,Sangin,AF,32.0728,64.8359,56.62,34,40,2.89,scattered clouds
452,Mapiripan,CO,2.8892,-72.1256,72.82,96,92,4.72,overcast clouds
453,Kalabo,ZM,-14.97,22.6814,64.83,90,69,5.37,light rain
454,Talaya,RU,61.3833,152.75,-18.51,99,100,6.13,light snow
455,San Francisco,US,37.7749,-122.4194,51.04,65,20,11.5,few clouds
456,Kavaratti,IN,10.5669,72.642,81.43,70,0,1.34,clear sky
457,Kenai,US,60.5544,-151.2583,-2.11,84,0,4.61,clear sky
458,Loandjili,CG,-4.7561,11.8578,73.51,94,40,3.44,scattered clouds
459,Ostrovnoy,RU,68.0531,39.5131,28.9,91,88,15.39,overcast clouds
460,Nortelandia,BR,-14.4547,-56.8028,74.34,64,4,4.0,clear sky
461,Homer,US,59.6425,-151.5483,17.76,46,61,4.12,broken clouds
462,Meulaboh,ID,4.1363,96.1285,81.16,78,98,4.41,overcast clouds
463,Anito,PH,12.4497,125.2886,83.3,80,99,11.43,overcast clouds
464,Sovetskaya Gavan,RU,48.9723,140.2878,9.07,62,71,17.49,broken clouds
465,Morros,BR,-9.4467,-46.3003,67.75,97,100,3.38,overcast clouds
466,Dudinka,RU,69.4058,86.1778,-7.49,100,100,3.44,overcast clouds
467,Sijunjung,ID,-0.6876,100.9537,84.31,64,100,2.21,overcast clouds
468,Akyab,MM,20.15,92.9,84.22,65,6,3.11,clear sky
469,Mackenzie,CA,55.2999,-123.1698,-1.98,46,75,18.41,broken clouds
470,Santa Rosalia,MX,27.3167,-112.2833,62.06,64,99,3.15,overcast clouds
471,Luderitz,NA,-26.6481,15.1594,59.9,90,0,7.25,clear sky
472,Kashi,CN,39.4547,75.9797,18.61,41,97,6.71,dust
473,Pindiga,NG,9.9833,10.9333,63.32,28,7,6.51,clear sky
474,Pontefract,GB,53.6911,-1.3127,39.09,97,71,4.85,broken clouds
475,Sinegorye,RU,62.0788,150.477,-22.79,99,100,5.5,light snow
476,Garissa,KE,-0.4536,39.6401,75.65,86,72,6.62,broken clouds
477,Taybad,IR,34.74,60.7756,46.78,68,33,6.33,scattered clouds
478,Guadalupe,MX,25.6833,-100.25,73.35,54,19,3.18,few clouds
479,Olafsvik,IS,64.8945,-23.7142,44.01,89,100,18.1,overcast clouds
480,Puerto Padre,CU,21.195,-76.6028,76.41,85,15,8.77,few clouds
481,Ewa Beach,US,21.3156,-158.0072,80.55,71,0,8.05,clear sky
482,Tura,IN,25.5198,90.2201,76.23,51,0,1.32,clear sky
483,Port Hawkesbury,CA,45.6169,-61.3485,31.78,72,100,8.05,overcast clouds
484,Cheremshan,RU,54.6667,51.5,2.07,98,54,2.77,broken clouds
485,Berberati,CF,4.2612,15.7922,66.99,92,100,1.72,overcast clouds
486,Dunedin,NZ,-45.8742,170.5036,56.8,74,100,18.01,light rain
487,Dalmatovo,RU,56.26,62.9362,6.31,89,100,3.15,overcast clouds
488,Ahuimanu,US,21.4447,-157.8378,80.31,75,75,6.91,broken clouds
489,Takefu,JP,35.9039,136.1669,56.16,78,100,12.82,overcast clouds
490,Foundiougne,SN,14.1333,-16.4667,70.45,56,0,7.76,clear sky
491,Sarkand,KZ,45.41,79.9186,28.0,77,100,1.36,light snow
492,Faro,PT,37.0194,-7.9322,52.18,76,0,8.05,clear sky
493,Kilindoni,TZ,-7.9139,39.6668,78.91,80,70,7.09,light rain
494,Andra,RU,62.5147,65.8878,-0.6,99,99,2.37,overcast clouds
495,Husavik,IS,66.0449,-17.3389,36.12,85,76,14.7,broken clouds
496,Tautira,PF,-17.7333,-149.15,78.21,81,19,10.4,light rain
497,Lovozero,RU,68.005,35.0117,18.07,99,44,1.23,scattered clouds
498,Marrakesh,MA,31.6315,-8.0083,51.87,46,0,3.44,clear sky
499,Ibirama,BR,-27.0569,-49.5178,70.32,100,100,2.08,overcast clouds
500,Port Hardy,CA,50.6996,-127.4199,33.98,93,100,25.32,light snow
501,Ulaangom,MN,49.9811,92.0667,-9.83,88,40,0.38,scattered clouds
502,La Maddalena,IT,41.2142,9.4083,55.45,71,78,25.34,broken clouds
503,Kapuskasing,CA,49.4169,-82.4331,33.8,86,100,24.16,snow
504,Malindi,KE,-3.2175,40.1191,77.16,88,40,0.0,scattered clouds
505,Hay River,CA,60.8156,-115.7999,-16.62,76,75,10.36,broken clouds
506,Giyani,ZA,-23.3025,30.7187,64.4,75,20,3.11,few clouds
507,Adwa,ET,14.1646,38.8955,57.51,51,2,3.98,clear sky
508,Minot,US,48.2325,-101.2963,12.78,76,100,18.84,overcast clouds
509,Ust-Kuyga,RU,70.0167,135.6,-19.05,97,100,3.67,overcast clouds
510,Chernyshevskiy,RU,63.0128,112.4714,-6.54,97,100,9.13,light snow
511,Guapiacu,BR,-20.795,-49.2203,68.29,94,75,9.22,broken clouds
512,Deputatskiy,RU,69.3,139.9,-18.22,99,100,2.15,overcast clouds
513,Caronport,CA,50.4501,-105.8179,6.98,93,99,10.71,overcast clouds
514,Rudsar,IR,37.1376,50.288,57.18,86,100,12.19,overcast clouds
515,Prince Rupert,CA,54.3161,-130.3201,26.29,46,0,19.57,clear sky
516,Canton,CN,23.1167,113.25,64.87,61,99,15.55,overcast clouds
517,Kortenaken,BE,50.9004,5.051,44.22,92,100,3.44,fog
518,Bajil,YE,15.0584,43.2851,75.38,75,0,2.53,clear sky
519,Luebo,CD,-5.35,21.4167,67.51,99,100,1.05,overcast clouds
520,Diamantino,BR,-14.4086,-56.4461,74.57,59,16,4.36,few clouds
521,Besikduzu,TR,41.052,39.2284,55.29,65,100,3.62,overcast clouds
522,Bull Savanna,JM,17.8868,-77.5902,73.13,82,1,4.34,clear sky
523,Coahuayana,MX,18.7333,-103.6833,72.54,89,8,3.04,clear sky
524,Noeux-Les-Mines,FR,50.4801,2.6657,42.82,91,2,1.52,clear sky
525,Bayangol,RU,50.6977,103.4656,-5.33,73,86,2.04,overcast clouds
526,Ziarat,PK,30.3823,67.7282,46.54,22,0,3.91,clear sky
527,Aykhal,RU,66.0,111.5,-1.75,97,100,14.63,overcast clouds
528,Gobabis,NA,-22.45,18.9667,70.65,44,93,9.64,overcast clouds
529,Puerto Leguizamo,CO,-0.1934,-74.7819,72.95,91,69,3.02,broken clouds
530,Jalu,LY,29.0331,21.5482,56.68,55,0,9.06,clear sky
531,Soyo,AO,-6.1349,12.3689,73.9,95,100,6.78,moderate rain
532,Clovis,US,36.8252,-119.7029,49.84,72,8,3.2,clear sky
533,Valdivia,CL,-39.8142,-73.2459,57.29,92,93,2.75,overcast clouds
534,Ratnagiri,IN,16.9833,73.3,82.18,46,5,6.64,clear sky
535,Port Jervis,US,41.3751,-74.6927,35.71,81,98,3.22,overcast clouds
536,Strezhevoy,RU,60.7333,77.5889,-20.31,100,67,3.2,broken clouds
537,Irbil,IQ,36.1926,44.0106,59.4,75,100,1.21,light rain
538,Coquimbo,CL,-29.9533,-71.3436,62.33,82,100,5.75,overcast clouds
539,Talcahuano,CL,-36.7167,-73.1167,58.68,88,20,12.66,few clouds
540,Flagstaff,US,35.1981,-111.6513,35.26,70,0,0.0,clear sky
541,Ulverstone,AU,-41.15,146.1667,67.21,58,62,12.08,broken clouds
542,Zhangye,CN,38.9342,100.4517,14.94,40,98,2.21,overcast clouds
543,Batagay-Alyta,RU,67.8006,130.4114,-17.39,99,100,2.13,overcast clouds
544,Nishihara,JP,26.1842,127.7558,71.26,86,75,26.46,broken clouds
545,Griffith,US,41.5284,-87.4237,55.89,81,75,19.57,broken clouds
546,Ayagoz,KZ,47.9714,80.4392,1.58,74,100,9.57,overcast clouds
547,Podosinovets,RU,60.2776,47.0659,9.86,97,76,3.22,broken clouds
548,Sarkikaraagac,TR,38.0794,31.3664,43.29,84,6,3.02,clear sky
549,Zhigansk,RU,66.7697,123.3711,-40.9,100,98,4.56,overcast clouds
550,Arlit,NE,18.7369,7.3853,66.22,25,29,7.29,scattered clouds
551,Konstantinovka,RU,49.6167,127.9833,-1.66,85,100,10.67,overcast clouds
552,Sioux Lookout,CA,50.1001,-91.917,19.47,79,100,6.91,overcast clouds
553,Viking,CA,53.1001,-111.7684,-0.27,99,97,3.6,overcast clouds
554,Kamenka,RU,51.3223,42.7678,20.86,56,29,7.05,scattered clouds
555,Dongli,CN,23.5656,116.8194,69.78,83,100,11.18,overcast clouds
556,Bristol,US,41.8334,-71.1662,39.97,83,100,2.24,overcast clouds
557,Moerai,PF,-22.4333,-151.3333,74.8,74,3,11.16,clear sky
558,Caledon,ZA,-34.23,19.4265,62.06,82,5,2.37,clear sky
559,La Palma,US,33.8464,-118.0467,57.87,84,0,3.96,clear sky
560,Manado,ID,1.487,124.8455,84.97,70,40,4.61,scattered clouds
561,Seguin,US,29.5688,-97.9647,67.39,88,0,1.01,clear sky
562,Alcantara,BR,-2.4089,-44.4147,79.0,89,100,2.77,overcast clouds
563,Nanakuli,US,21.3906,-158.1547,80.55,75,96,6.26,overcast clouds
564,Sangar,RU,63.9242,127.4739,-37.79,96,100,2.66,overcast clouds
565,Ballyhaunis,IE,53.7667,-8.7667,45.79,93,100,11.65,overcast clouds
566,Den Helder,NL,52.9599,4.7593,46.02,96,75,5.01,mist
567,Hambantota,LK,6.1241,81.1185,80.94,89,41,3.44,scattered clouds
568,Olga,RU,43.7444,135.2892,13.57,52,27,16.37,scattered clouds
569,Gornyy,RU,55.1153,83.9059,-11.49,85,93,0.87,overcast clouds
570,Balabac,PH,7.9868,117.0645,84.88,73,100,15.3,light rain
571,Kargasok,RU,59.0556,80.8572,-13.88,97,92,3.38,overcast clouds
572,Akhmeta,GE,42.0311,45.2075,45.12,96,100,2.86,overcast clouds
573,Jijiga,ET,9.35,42.8,56.44,42,0,7.02,clear sky
574,Zabid,YE,14.1951,43.3152,75.07,66,0,2.64,clear sky
575,The Valley,AI,18.217,-63.0578,79.83,66,3,17.94,clear sky
576,Kisangani,CD,0.5167,25.2,67.91,99,100,1.77,overcast clouds
577,Turayf,SA,31.6725,38.6637,48.45,100,0,4.61,mist
578,Zeya,RU,53.75,127.2667,-5.06,66,61,7.36,broken clouds
579,San Jeronimo,PE,-11.9472,-75.2829,50.23,82,98,1.12,overcast clouds
580,Kousseri,CM,12.0769,15.0306,62.56,77,91,2.3,overcast clouds
581,Ashland,US,40.8167,-82.2665,53.96,68,33,19.82,scattered clouds
582,Traipu,BR,-9.9706,-37.0033,74.43,92,96,3.02,heavy intensity rain
583,Anisoc,GQ,1.8658,10.7689,67.6,99,100,1.43,overcast clouds
584,Drymen,GB,56.0655,-4.452,43.59,92,100,2.19,overcast clouds
585,Blantyre,MW,-15.785,35.0085,62.83,94,100,3.65,light rain
586,Floriano,BR,-6.7669,-43.0225,71.6,98,100,2.35,overcast clouds
587,Mkushi,ZM,-13.6202,29.3939,62.73,93,99,7.47,overcast clouds
588,Shingu,JP,33.7333,135.9833,65.28,65,100,7.96,overcast clouds
589,Northam,GB,51.0333,-4.2167,42.26,88,99,9.31,overcast clouds
590,Kondoa,TZ,-4.9,35.7833,64.08,83,95,7.9,overcast clouds
591,Ouadda,CF,8.0777,22.4007,75.11,43,100,1.25,overcast clouds
592,Jiana,RO,44.4018,22.7128,41.9,82,100,8.72,overcast clouds
593,Pattani,TH,6.75,100.4167,85.71,62,97,7.07,overcast clouds
594,Lakatoro,VU,-16.0999,167.4164,85.66,68,56,8.41,broken clouds
595,Salina,US,38.8403,-97.6114,26.31,47,56,8.14,broken clouds
596,Onega,RU,63.9061,38.1404,13.82,98,88,2.42,overcast clouds
597,Deer Lake,CA,49.1667,-57.4316,21.06,68,100,11.5,light shower snow
598,Joshimath,IN,30.5667,79.5667,63.64,11,18,1.43,few clouds
599,Mancio Lima,BR,-7.6142,-72.8958,77.07,94,0,1.14,clear sky
600,Fredericton,CA,45.9454,-66.6656,23.83,85,0,0.0,clear sky
601,General Bravo,MX,25.8,-99.1667,75.24,68,18,4.88,few clouds
602,At-Bashi,KG,41.1702,75.8106,21.99,79,75,2.04,broken clouds
603,Kollo,NE,13.3043,2.339,72.03,24,24,7.96,few clouds
604,La Ronge,CA,55.1001,-105.2842,-7.35,71,20,8.05,few clouds
605,Kamaishi,JP,39.2667,141.8833,54.12,64,97,7.65,overcast clouds
606,Lexington,US,37.9887,-84.4777,57.2,87,100,23.02,mist
607,North Bend,US,43.4065,-124.2243,47.07,100,100,17.49,overcast clouds
608,Dhidhdhoo,MV,6.8833,73.1,81.32,70,65,4.21,broken clouds
609,Zabol,AF,32.25,67.25,45.75,38,52,2.53,broken clouds
610,Neuquen,AR,-38.9516,-68.0591,71.49,35,0,9.22,clear sky
611,Denpasar,ID,-8.65,115.2167,85.71,70,20,9.22,few clouds
612,Jintur,IN,19.6167,76.7,71.96,40,35,5.39,scattered clouds
613,Ambon,ID,-3.6954,128.1814,89.74,58,20,8.05,light rain
614,Dakoro,NE,14.5106,6.765,62.87,26,6,10.02,clear sky
615,Myanaung,MM,18.2833,95.3167,86.16,53,28,11.99,scattered clouds
616,Lumphat,KH,13.4878,106.9816,87.84,53,12,6.76,few clouds
617,Tambau,BR,-21.705,-47.2744,61.95,93,98,4.07,overcast clouds
618,Bandarban,BD,22.1965,92.2262,84.63,64,16,1.01,few clouds
619,Kuching,MY,1.55,110.3333,88.02,80,40,2.3,scattered clouds
620,Patiya,BD,22.2931,91.9762,83.48,67,2,2.77,clear sky
621,Makaha,US,21.4694,-158.2175,79.95,76,98,8.59,overcast clouds
622,Yarega,RU,63.4354,53.5765,11.8,98,95,2.46,overcast clouds
623,Lom Sak,TH,16.7798,101.2422,85.89,74,20,3.44,few clouds
624,Omboue,GA,-1.5746,9.2618,73.38,96,100,7.18,light rain
625,Plettenberg Bay,ZA,-34.0527,23.3716,66.76,69,4,3.38,clear sky
626,Waingapu,ID,-9.6567,120.2641,85.71,63,59,7.43,broken clouds
627,Minamata,JP,32.2167,130.4,57.34,72,100,11.92,overcast clouds
628,Ishigaki,JP,24.3448,124.1572,69.93,100,75,26.46,broken clouds
629,Kutum,SD,14.2,24.6667,64.33,28,3,6.04,clear sky
630,Maracaibo,VE,10.6317,-71.6406,75.07,90,97,6.87,overcast clouds
631,Port Augusta,AU,-32.5,137.7667,78.17,30,0,13.89,clear sky
632,Matara,LK,5.9485,80.5353,82.44,71,56,3.29,broken clouds
633,Marsa Matruh,EG,31.3525,27.2453,57.4,82,0,4.61,clear sky
634,Banjar,ID,-8.19,114.9675,88.79,60,85,2.86,overcast clouds
635,Bay Saint Louis,US,30.3088,-89.33,75.27,99,16,11.54,few clouds
636,Puerto Narino,CO,-3.7703,-70.3831,71.6,97,97,1.45,overcast clouds
637,Champerico,GT,14.3,-91.9167,75.99,81,61,5.3,broken clouds
638,Concordia,AR,-31.393,-58.0209,72.79,77,1,4.0,clear sky
639,Placido De Castro,BR,-10.3353,-67.1856,80.62,66,51,5.68,broken clouds
640,Tyup,KG,42.7276,78.3648,35.04,84,100,0.85,overcast clouds
641,Marzuq,YE,14.4,46.4667,64.51,42,0,1.16,clear sky
642,Grafton,US,42.207,-71.6856,35.76,84,98,2.13,overcast clouds
643,Takoradi,GH,4.8845,-1.7554,77.54,84,87,0.56,light rain
644,Tazovskiy,RU,67.4667,78.7,-7.49,100,78,4.21,broken clouds
645,Gainesville,US,29.6516,-82.3248,67.06,82,10,6.17,clear sky
646,Hirado,JP,33.3597,129.5531,49.39,72,100,24.63,overcast clouds
647,Bumba,CD,2.1833,22.4667,69.55,97,90,2.57,light rain
648,Dumai,ID,1.6833,101.45,86.74,67,86,0.94,overcast clouds
649,Bonthe,SL,7.5264,-12.505,77.22,82,37,2.75,scattered clouds
650,Boyolangu,ID,-8.1181,111.8935,82.94,70,100,8.3,overcast clouds
651,Asau,RO,46.4333,26.4,33.28,96,100,3.44,overcast clouds
652,Daud Khel,PK,32.875,71.5701,69.06,26,0,1.43,clear sky
653,Fare,PF,-16.7,-151.0167,79.88,75,8,11.54,clear sky
654,Lakes Entrance,AU,-37.8811,147.981,65.16,56,5,9.1,clear sky
655,Abha,SA,18.2164,42.5053,49.82,76,0,0.0,clear sky
656,Rimbey,CA,52.6334,-114.2353,-2.38,98,98,2.13,overcast clouds
657,Daru,PG,-9.0763,143.2092,87.62,61,99,4.43,overcast clouds
658,Moree,AU,-29.4667,149.85,81.0,39,100,8.9,light rain
659,Kashary,RU,49.04,41.0056,25.0,44,68,14.92,broken clouds
660,Sakakah,SA,29.9697,40.2064,54.97,82,0,6.22,clear sky
661,Key West,US,24.5557,-81.7826,86.0,76,40,18.41,scattered clouds
662,Maceio,BR,-9.6658,-35.7353,74.64,94,100,6.91,light rain
663,Aswan,EG,24.0934,32.907,61.9,41,0,0.0,clear sky
664,Melnikovo,RU,56.5558,84.085,-11.74,91,72,3.18,broken clouds
665,Bo Rai,TH,12.5728,102.5371,91.67,65,70,2.17,broken clouds
666,Tambopata,PE,-12.7333,-69.1833,75.63,75,71,2.28,broken clouds
667,Itambe,BR,-15.245,-40.6244,68.25,98,100,2.59,light rain
668,Tanout,NE,14.9709,8.8879,60.37,31,42,9.4,scattered clouds
669,Thunder Bay,CA,48.4001,-89.3168,30.18,93,100,14.97,snow
670,Emba,KZ,48.8264,58.1442,12.33,48,21,13.4,few clouds
671,Las Guacamayas,MX,18.0167,-102.2167,74.43,83,9,2.77,clear sky
672,Sisimiut,GL,66.9395,-53.6735,17.33,88,92,14.52,overcast clouds
673,Ios,GR,36.7333,25.2833,59.38,66,100,4.0,overcast clouds
674,Dukat,RU,62.55,155.55,-18.71,99,99,3.67,light snow
675,Srandakan,ID,-7.9386,110.2506,80.91,74,98,4.94,overcast clouds
676,West Wendover,US,40.7391,-114.0733,24.58,63,32,1.41,scattered clouds
677,Puerto Rico,AR,-26.796,-55.024,68.22,82,11,2.06,few clouds
678,Melfi,IT,40.9965,15.6514,47.5,98,100,5.35,overcast clouds
679,Cap-Aux-Meules,CA,47.3821,-61.8597,28.45,69,100,11.5,overcast clouds
680,Paso De Los Toros,UY,-32.8167,-56.5167,69.31,71,1,14.25,clear sky
681,Bogo,PH,11.0517,124.0055,85.89,67,100,12.28,overcast clouds
682,Comodoro Rivadavia,AR,-45.8667,-67.5,48.06,61,0,6.91,clear sky
683,Alugan,PH,12.2188,125.4808,83.77,77,98,11.95,overcast clouds
684,Mgandu,TZ,-5.95,34.1333,62.53,88,100,6.6,overcast clouds
685,Severodvinsk,RU,64.5635,39.8302,23.11,94,77,4.76,broken clouds
686,Mareeba,AU,-17.0,145.4333,83.12,60,98,2.77,moderate rain
687,Betafo,MG,-19.8333,46.85,66.18,77,82,2.19,broken clouds
688,Verkhoyansk,RU,67.5447,133.385,-24.21,97,100,2.08,overcast clouds
689,Santa Rosa,PH,14.3122,121.1114,89.02,72,64,14.12,broken clouds
690,La Romana,DO,18.4273,-68.9728,73.76,94,20,0.0,few clouds
691,Tiznit,MA,29.5833,-9.5,55.83,37,0,1.1,clear sky
692,Pekin,CN,39.9075,116.3972,24.69,10,0,12.86,clear sky
693,Egvekinot,RU,66.3167,-179.1667,25.11,99,100,4.79,light snow
694,Pauini,BR,-7.7136,-66.9764,76.15,81,94,5.03,overcast clouds
695,Rio Gallegos,AR,-51.6226,-69.2181,48.25,49,0,9.22,clear sky
696,Araguacu,BR,-12.9306,-49.8264,70.45,96,77,5.77,broken clouds
697,Hanstholm,DK,57.1167,8.6167,42.67,73,100,13.44,overcast clouds
698,Hagi,JP,34.4,131.4167,53.15,64,70,11.86,broken clouds
699,Hornepayne,CA,49.2138,-84.7705,34.74,97,100,14.03,snow
700,Hinwil,CH,47.2943,8.8439,41.36,98,100,0.0,overcast clouds
701,Chernyshevsk,RU,52.5243,117.0174,-13.4,76,99,2.57,overcast clouds
702,Fasa,IR,28.9383,53.6482,43.84,45,0,4.61,clear sky
703,Umm Lajj,SA,25.0213,37.2685,74.08,52,4,7.63,clear sky
704,Shelburne,CA,44.0787,-80.2041,39.6,91,100,17.94,overcast clouds
705,Astana,KZ,51.1801,71.446,1.35,66,0,6.71,clear sky
706,Zhireken,RU,52.8249,117.3076,-11.38,70,100,4.56,overcast clouds
707,Banda Aceh,ID,5.5577,95.3222,84.58,64,100,1.97,overcast clouds
708,Uthal,PK,25.8072,66.6219,75.16,40,0,2.35,clear sky
709,Arica,CL,-18.475,-70.3042,69.35,64,100,6.91,overcast clouds
710,Samarai,PG,-10.6167,150.6667,84.63,72,100,12.64,light rain
711,Urengoy,RU,65.9667,78.3667,-10.03,100,77,3.24,broken clouds
712,Darnah,LY,32.767,22.6367,61.03,70,100,20.71,overcast clouds
713,Prado,BR,-17.3411,-39.2208,74.59,85,100,9.73,overcast clouds
714,Pandan,PH,14.0453,124.1694,85.28,72,50,12.15,scattered clouds
715,Kandrian,PG,-6.2167,149.55,87.12,68,85,6.98,light rain
716,Flinders,AU,-34.5833,150.8552,72.05,62,13,4.0,few clouds
717,Moscow,RU,55.7522,37.6156,10.92,96,65,4.05,broken clouds
718,Tezu,IN,27.9167,96.1667,79.79,29,1,2.42,clear sky
719,Marystown,CA,47.1666,-55.1483,27.61,67,19,18.19,few clouds
